Country Code,2000,2001,2002,2003,2004,2005,2006,2007,2008,2009,2010,2011,2012,2013,2014,2015,2016,2017,2018,2019,2020,2021,2022,2023,2024,2025,2026,2027,2028,2029,2030
AFG,0.99,1.31,1.37,0.59,1.37,0.40,1.72,0.68,0.70,0.90,1.61,1.40,0.22,1.28,0.46,1.09,1.56,1.54,1.54,0.91,1.28,1.10,1.31,1.13,1.34,1.16,1.38,1.19,1.41,1.22,1.44
AGO,0.17,0.30,0.74,0.89,0.41,1.02,0.56,0.89,0.50,0.71,1.19,0.88,0.55,1.04,0.83,1.33,1.61,0.87,1.40,1.75,1.51,1.56,1.62,1.67,1.73,1.78,1.84,1.89,1.95,2.00,2.06
ALB,1.07,1.53,0.49,0.97,0.44,0.19,0.35,1.32,0.98,0.91,1.19,1.06,1.49,1.33,1.20,1.57,1.46,1.12,2.03,1.68,1.76,1.81,1.86,1.91,1.96,2.01,2.05,2.10,2.15,2.20,2.25
ARE,0.68,0.56,1.12,1.05,1.05,0.73,1.26,0.80,0.78,0.90,1.48,1.12,1.09,0.74,0.91,1.56,1.06,1.63,1.50,1.20,1.38,1.41,1.44,1.47,1.50,1.53,1.56,1.59,1.62,1.65,1.69
ARG,-0.19,0.43,0.28,0.64,0.47,0.28,0.60,-0.17,0.60,0.86,0.14,0.39,0.80,0.44,0.95,0.96,0.49,1.10,0.88,0.76,1.00,1.05,0.92,1.12,1.17,1.04,1.24,1.29,1.16,1.36,1.41
ARM,1.03,1.40,1.19,0.14,1.16,0.48,1.62,0.71,0.86,0.71,2.78,0.65,1.25,1.41,1.28,1.93,1.36,0.89,2.77,1.86,1.85,1.90,1.95,2.00,2.04,2.09,2.14,2.19,2.24,2.29,2.34
ATG,0.34,0.74,0.63,0.78,0.50,0.84,0.66,0.93,0.39,0.50,1.15,0.59,0.70,0.78,0.74,1.04,1.10,0.96,0.63,0.80,0.89,0.91,0.92,0.94,0.96,0.98,0.99,1.01,1.03,1.04,1.06
AUS,0.15,0.34,0.74,0.84,0.72,1.21,0.72,0.93,0.63,1.03,0.67,0.21,0.31,1.50,1.20,1.09,1.17,1.14,1.13,1.42,1.31,1.35,1.39,1.43,1.48,1.52,1.56,1.60,1.64,1.68,1.72
AUT,1.77,1.50,1.53,1.46,0.83,0.63,0.91,2.14,1.58,1.54,0.66,1.37,1.78,1.10,2.41,2.17,2.10,1.74,2.52,2.37,2.28,2.33,2.38,2.43,2.48,2.53,2.58,2.63,2.68,2.73,2.78
AZE,1.10,1.40,1.43,-0.15,1.30,0.81,1.49,0.96,0.88,0.78,2.33,0.77,1.47,1.57,1.25,1.67,1.53,1.31,2.24,2.00,1.84,1.89,1.93,1.98,2.02,2.07,2.12,2.16,2.21,2.25,2.30
BDI,0.95,0.46,0.89,1.03,1.12,0.95,0.95,1.24,0.95,0.95,0.95,0.95,0.95,0.95,0.95,0.95,0.95,0.95,0.95,0.95,1.01,1.02,1.02,1.02,1.02,1.03,1.03,1.03,1.04,1.04,1.04
BEL,1.48,1.34,1.40,1.53,1.09,1.20,1.40,1.88,1.26,1.16,0.23,1.29,1.13,0.46,2.42,1.37,1.88,1.73,2.20,2.08,1.79,1.82,1.84,1.87,1.90,1.92,1.95,1.98,2.01,2.03,2.06
BEN,0.45,0.52,0.72,0.94,0.71,1.11,1.04,0.81,0.63,0.95,1.23,0.95,0.60,0.85,0.94,1.11,1.03,1.16,1.06,1.15,1.15,1.17,1.20,1.22,1.25,1.27,1.30,1.32,1.35,1.37,1.40
BFA,0.54,0.50,1.02,0.99,0.87,1.45,1.16,0.87,0.30,0.94,1.25,1.00,0.49,0.85,0.89,1.11,1.08,1.21,1.16,1.07,1.12,1.14,1.16,1.18,1.19,1.21,1.23,1.24,1.26,1.28,1.29
BGD,0.23,0.32,0.40,0.24,0.27,0.59,0.81,0.27,0.09,0.84,0.77,0.14,0.24,0.23,0.48,0.72,1.34,1.12,0.88,1.14,1.00,1.03,1.07,1.11,1.15,1.19,1.23,1.26,1.30,1.34,1.38
BGR,1.18,1.65,0.85,0.18,0.53,0.22,0.57,1.88,1.18,1.29,1.36,0.42,1.68,1.48,1.20,1.44,1.90,0.95,2.19,2.11,1.96,2.00,2.20,1.29,2.41,2.45,2.29,2.34,2.54,1.63,2.74
BHR,1.12,1.22,1.55,1.26,1.39,1.07,1.82,1.08,1.33,1.22,2.29,1.43,1.39,1.40,1.69,2.24,1.60,2.08,2.25,2.11,1.98,1.92,2.67,2.03,2.16,2.11,2.85,2.21,2.35,2.29,3.03
BHS,0.16,0.14,0.86,0.99,0.31,0.46,0.39,0.94,0.84,0.41,0.31,0.36,0.34,0.57,0.88,1.11,1.04,1.33,1.02,1.44,1.15,1.19,1.24,1.28,1.33,1.37,1.41,1.46,1.50,1.54,1.59
BIH,1.53,1.53,1.14,1.09,0.58,0.12,0.59,1.86,1.37,1.38,0.95,1.12,1.76,1.32,1.82,1.81,1.67,1.42,2.28,1.99,2.05,2.10,2.14,2.19,2.24,2.29,2.34,2.39,2.43,2.48,2.53
BLR,1.94,1.98,1.89,0.08,0.93,1.28,0.65,2.36,2.25,1.60,1.46,1.02,1.56,1.21,2.18,2.25,2.20,1.59,2.34,2.69,1.64,3.23,3.14,2.86,1.96,2.23,2.66,2.10,3.70,3.60,3.32
BLZ,0.18,0.45,0.73,0.95,0.70,0.85,0.66,0.85,0.58,0.92,0.84,0.72,0.64,0.79,0.70,1.50,1.45,1.34,0.85,1.56,1.40,1.45,1.49,1.53,1.58,1.62,1.66,1.71,1.75,1.79,1.84
BOL,0.40,0.65,1.02,0.64,0.85,0.76,0.94,0.54,0.40,0.66,0.68,1.17,0.83,0.51,0.96,1.53,0.82,0.98,0.56,0.92,0.93,0.95,0.96,0.98,0.99,1.01,1.03,1.04,1.06,1.08,1.09
BRA,0.50,0.75,1.05,0.93,0.77,1.09,0.77,0.97,0.73,0.97,1.11,0.81,1.02,0.92,1.15,1.52,1.46,1.36,1.15,1.52,1.44,1.48,1.52,1.55,1.59,1.63,1.66,1.70,1.74,1.78,1.81
BRB,0.30,0.51,0.55,0.89,0.70,1.13,0.84,0.68,0.32,0.43,1.15,0.68,0.49,0.78,0.42,0.87,0.67,0.67,0.67,0.67,0.68,0.68,0.69,0.69,0.70,0.70,0.70,0.71,0.71,0.72,0.72
BRN,0.49,0.60,0.67,0.74,0.67,0.89,0.72,0.74,0.51,0.88,1.01,0.73,0.91,1.20,1.03,1.28,1.74,1.47,1.41,1.62,1.58,1.63,1.69,1.74,1.79,1.85,1.90,1.96,2.01,2.07,2.12
BTN,0.21,0.72,0.49,0.50,0.48,0.75,0.96,0.98,0.56,1.39,1.20,0.53,0.51,0.74,0.86,1.07,1.49,1.46,1.35,1.33,1.37,1.42,1.47,1.52,1.57,1.62,1.67,1.72,1.76,1.81,1.86
BWA,-0.72,-0.19,0.36,0.74,-0.13,1.04,-0.51,0.23,0.15,-0.32,0.94,-0.05,0.47,0.77,-0.09,1.55,1.47,0.02,0.73,1.53,1.11,1.18,1.24,1.30,1.37,1.43,1.49,1.56,1.62,1.68,1.75
CAF,0.68,0.40,0.75,0.85,0.96,0.98,0.97,0.54,0.68,1.12,1.16,0.76,0.49,0.87,0.70,0.98,1.22,1.22,1.15,1.26,1.17,1.19,1.22,1.24,1.27,1.29,1.31,1.34,1.36,1.39,1.41
CAN,1.29,1.42,0.54,1.24,0.49,1.28,2.34,1.33,0.85,0.54,2.92,1.44,2.14,1.18,0.29,1.23,2.37,1.48,0.48,1.31,2.38,2.35,1.36,1.50,0.92,2.56,2.53,1.54,1.68,1.10,2.74
CHE,1.42,1.45,1.26,1.85,0.97,0.81,1.09,1.80,1.20,1.37,0.46,1.67,1.51,0.78,2.17,1.97,1.86,1.84,2.34,2.10,2.00,2.04,2.08,2.12,2.16,2.20,2.24,2.28,2.32,2.36,2.40
CHL,-0.18,0.05,0.14,0.31,0.56,0.28,0.58,-0.22,0.50,0.52,-0.02,0.21,0.70,0.43,0.49,0.85,1.02,0.87,0.54,0.68,0.82,0.86,0.90,0.94,0.99,1.03,1.07,1.11,1.15,1.19,1.23
CHN,0.57,1.04,1.13,0.82,1.11,1.05,1.23,1.54,1.09,1.34,0.97,0.79,0.63,1.07,1.06,1.30,1.32,1.57,1.36,1.42,1.40,1.43,1.45,1.48,1.50,1.52,1.55,1.57,1.60,1.62,1.64
CMR,0.32,0.20,0.77,0.71,0.78,1.00,0.98,0.63,0.65,1.05,1.18,0.66,0.42,0.71,0.88,1.16,1.21,1.17,1.16,1.45,1.37,1.41,1.45,1.49,1.53,1.57,1.60,1.64,1.68,1.72,1.76
COD,0.54,0.39,0.87,0.96,0.91,1.01,0.84,0.77,0.66,0.93,1.35,0.84,0.52,1.00,0.98,1.05,1.55,1.32,1.45,1.48,1.34,1.38,1.42,1.46,1.50,1.54,1.58,1.62,1.66,1.70,1.74
COG,0.40,0.36,0.75,0.85,0.89,0.91,0.81,0.83,0.74,0.82,1.26,0.65,0.67,0.81,0.74,1.08,1.48,1.16,1.25,1.41,1.32,1.36,1.40,1.43,1.47,1.51,1.55,1.58,1.62,1.66,1.69
COL,-0.01,0.44,0.68,0.69,0.59,0.68,0.53,0.64,0.39,0.86,1.04,0.47,0.67,0.83,0.85,1.25,1.08,0.82,1.14,1.40,1.30,1.35,1.39,1.44,1.48,1.52,1.57,1.61,1.66,1.70,1.74
COM,0.01,0.16,0.61,0.29,0.21,0.31,0.12,0.45,0.28,0.64,0.88,0.52,0.48,0.42,0.51,0.73,0.70,0.95,0.71,1.30,0.94,0.99,1.03,1.07,1.11,1.16,1.20,1.24,1.28,1.32,1.37
CPV,1.04,1.33,1.48,1.57,1.60,1.17,1.36,0.82,1.30,0.77,1.31,1.37,1.34,1.33,1.08,1.07,1.69,2.00,0.93,1.62,1.49,1.49,1.50,1.51,1.52,1.53,1.53,1.54,1.55,1.56,1.57
CRI,-0.02,0.61,0.89,0.86,0.80,0.58,0.78,0.75,0.35,1.05,0.99,0.56,0.68,0.68,0.68,0.68,0.68,0.68,0.68,0.68,0.69,0.70,0.71,0.71,0.72,0.73,0.74,0.74,0.75,0.76,0.76
CUB,0.51,0.54,0.95,1.09,0.87,0.79,0.91,0.90,0.64,0.93,0.96,0.54,0.61,0.89,1.14,1.44,1.37,1.28,1.18,1.63,1.35,1.38,1.42,1.46,1.49,1.53,1.57,1.61,1.64,1.68,1.72
CYP,0.62,1.16,0.84,0.59,0.61,0.34,0.62,0.81,1.03,0.98,2.03,0.72,0.97,1.24,1.05,1.14,1.49,0.78,2.12,1.52,1.54,1.59,1.63,1.68,1.72,1.77,1.82,1.86,1.91,1.95,2.00
CZE,1.91,1.23,1.53,1.08,0.82,0.75,0.96,2.18,1.65,1.44,0.43,1.05,1.60,0.80,2.53,2.14,2.10,1.62,2.67,2.56,2.33,2.38,2.43,2.49,2.54,2.59,2.65,2.70,2.76,2.81,2.86
DEU,1.76,1.29,1.49,1.26,1.00,1.03,1.25,2.09,1.54,1.28,0.20,1.12,1.35,0.58,2.52,1.67,1.99,1.65,2.39,2.33,2.37,2.41,2.45,2.49,2.53,2.56,2.60,2.64,2.68,2.72,2.76
DJI,0.83,0.81,1.36,1.47,0.95,1.21,0.89,0.86,0.30,1.40,1.04,0.90,1.16,1.23,1.09,1.59,1.35,1.81,1.42,1.47,1.43,1.46,1.49,1.52,1.55,1.58,1.61,1.64,1.67,1.70,1.73
DNK,1.72,1.04,1.65,0.71,1.03,1.28,1.35,2.14,1.85,1.32,-0.20,0.68,1.14,0.40,2.68,1.52,1.85,1.62,2.11,2.18,1.80,1.83,1.86,1.89,1.92,1.94,1.97,2.00,2.03,2.06,2.08
DOM,0.63,0.91,0.96,1.24,0.81,0.97,1.00,1.26,0.67,0.71,1.22,0.54,0.75,1.21,1.11,1.34,1.02,1.03,1.16,1.27,1.16,1.17,1.19,1.21,1.22,1.24,1.26,1.28,1.29,1.31,1.33
DZA,0.82,1.86,1.26,1.59,0.99,1.26,1.40,1.22,1.19,0.95,2.27,1.40,1.15,1.19,1.69,1.12,1.76,1.51,1.21,1.12,1.35,1.36,1.36,1.37,1.38,1.38,1.39,1.40,1.40,1.41,1.41
ECU,0.24,0.48,0.78,0.83,0.84,0.84,0.81,0.82,0.70,0.96,1.09,0.78,0.66,0.49,1.01,1.39,1.55,1.16,0.97,1.28,1.27,1.30,1.34,1.38,1.41,1.45,1.49,1.52,1.56,1.60,1.63
EGY,0.05,0.66,0.83,0.73,0.65,0.51,0.73,0.60,0.94,0.92,2.33,0.63,0.94,1.05,1.25,1.21,1.40,0.62,2.05,1.04,1.76,1.23,1.86,1.34,1.96,1.44,2.07,1.54,2.17,1.64,2.27
ERI,0.56,0.50,1.08,0.67,1.13,0.80,0.93,0.28,1.10,1.76,1.64,1.48,1.48,1.19,0.99,1.81,0.99,1.31,0.98,0.91,1.36,1.39,1.43,1.46,1.49,1.52,1.55,1.59,1.62,1.65,1.68
ESP,0.81,1.41,0.81,1.60,1.00,0.90,1.53,0.84,0.86,1.36,0.91,1.61,1.04,0.91,1.60,1.53,1.71,2.04,1.15,1.53,1.57,1.60,1.63,1.66,1.69,1.73,1.76,1.79,1.82,1.85,1.88
EST,2.07,1.84,1.48,0.23,1.18,1.60,1.26,2.27,2.61,1.62,0.55,1.30,1.47,1.18,2.45,2.38,1.94,1.50,2.41,2.22,1.99,2.96,3.30,2.43,1.28,2.15,2.44,2.32,3.29,3.63,2.76
ETH,0.57,0.73,1.03,1.09,0.83,1.09,1.00,0.88,0.83,1.34,1.28,1.17,1.10,1.23,1.19,1.44,1.53,1.50,0.99,1.32,1.40,1.44,1.47,1.50,1.54,1.57,1.60,1.63,1.67,1.70,1.73
FIN,2.02,1.37,1.17,0.71,1.23,2.20,1.20,1.95,2.13,1.70,0.24,1.35,1.54,1.42,2.59,2.61,2.15,1.49,2.16,1.45,1.72,2.43,2.71,2.16,1.19,2.00,2.57,1.99,2.71,2.98,2.44
FJI,0.71,0.73,0.72,0.58,0.53,0.70,0.64,1.03,0.58,0.41,0.98,0.90,0.59,0.92,0.65,0.52,0.97,1.13,0.95,1.07,0.86,0.71,0.97,0.98,0.94,1.32,0.95,0.80,1.07,1.08,1.04
FRA,1.18,1.39,1.05,1.80,0.97,1.02,1.31,1.41,0.99,1.21,0.40,1.53,1.22,0.71,2.05,1.61,1.79,1.80,2.06,2.02,1.81,1.85,1.88,1.92,1.96,2.00,2.03,2.07,2.11,2.14,2.18
FSM,-0.03,0.12,0.02,0.07,0.15,0.10,0.18,0.10,-0.12,0.04,0.22,0.10,0.47,0.59,0.44,0.49,0.87,0.88,0.73,0.54,0.76,0.80,0.84,0.88,0.93,0.97,1.01,1.05,1.10,1.14,1.18
GAB,0.31,0.29,0.66,0.89,0.83,0.81,0.74,0.93,0.78,0.82,1.08,0.66,0.62,0.79,0.81,1.02,1.51,1.35,1.03,1.53,1.43,1.47,1.51,1.55,1.59,1.64,1.68,1.72,1.76,1.80,1.85
GBR,0.72,0.63,1.01,1.19,1.04,1.12,1.25,1.33,0.84,0.95,-0.05,0.85,0.58,0.36,1.72,0.61,1.16,1.42,1.00,1.23,1.04,1.05,1.06,1.07,1.08,1.09,1.10,1.11,1.12,1.13,1.14
GEO,0.97,1.29,1.06,-0.24,0.92,0.54,1.28,0.91,0.70,0.71,2.49,0.43,1.22,1.40,1.28,1.78,1.37,0.81,2.51,1.75,1.76,1.81,1.87,1.92,1.97,2.02,2.07,2.12,2.18,2.23,2.28
GHA,0.43,0.57,0.83,0.99,0.74,0.97,0.99,0.95,0.70,0.88,1.28,0.88,0.61,0.84,0.89,1.13,1.22,1.29,1.08,1.32,1.29,1.32,1.34,1.37,1.40,1.43,1.46,1.49,1.52,1.55,1.57
GIN,0.65,0.79,1.13,0.98,1.04,1.19,1.12,0.97,1.11,0.93,1.32,1.10,0.56,1.07,0.86,1.16,1.17,1.52,1.19,1.41,1.37,1.39,1.41,1.43,1.45,1.47,1.49,1.51,1.53,1.55,1.57
GMB,0.96,1.32,1.38,1.10,1.19,1.50,1.22,1.09,1.38,0.69,1.32,1.06,0.89,1.00,1.19,1.20,1.64,1.74,1.03,1.35,1.29,1.30,1.31,1.32,1.33,1.34,1.35,1.35,1.36,1.37,1.38
GNB,1.00,1.24,1.28,1.04,1.17,1.40,1.19,1.03,1.36,0.81,1.33,1.09,0.80,1.06,1.17,1.19,1.57,1.67,1.13,1.42,1.31,1.33,1.34,1.35,1.36,1.37,1.39,1.40,1.41,1.42,1.43
GNQ,0.36,0.38,0.63,0.85,0.74,0.77,0.66,0.82,0.69,0.82,0.98,0.68,0.58,0.77,0.86,0.85,1.46,1.31,0.84,1.60,1.30,1.34,1.38,1.42,1.45,1.49,1.53,1.57,1.61,1.65,1.69
GRC,0.68,1.31,0.44,0.39,0.34,0.21,0.25,1.08,0.88,0.77,1.58,0.39,1.24,1.32,1.06,0.90,1.56,0.64,1.91,1.38,1.21,1.31,1.77,1.35,1.44,1.91,1.48,1.58,2.04,1.62,1.71
GRD,0.46,0.69,0.63,0.91,0.43,1.00,0.74,0.68,0.50,0.51,1.20,0.68,0.58,0.78,0.64,0.84,0.95,0.92,0.54,1.17,0.89,0.90,0.92,0.93,0.94,0.96,0.97,0.99,1.00,1.02,1.03
GTM,0.31,0.34,0.56,0.99,0.61,0.80,0.61,0.60,0.21,0.69,0.69,0.43,0.52,0.62,0.64,1.14,1.43,1.07,0.88,1.42,1.05,1.09,1.13,1.17,1.20,1.24,1.28,1.32,1.35,1.39,1.43
GUY,0.66,0.83,1.07,0.95,0.94,1.32,1.00,1.03,0.56,1.16,1.12,0.97,0.96,0.89,1.07,1.35,1.51,1.15,1.14,1.18,1.40,1.20,1.33,1.03,1.35,1.51,1.32,1.45,1.14,1.46,1.63
HND,0.13,0.40,0.78,0.67,0.49,0.96,0.62,0.77,0.57,0.81,0.81,0.73,0.64,0.92,0.67,1.13,1.37,1.03,0.80,1.23,1.16,1.20,1.23,1.27,1.31,1.34,1.38,1.41,1.45,1.49,1.52
HRV,1.60,1.57,1.23,1.24,0.63,0.25,0.68,1.94,1.42,1.45,0.82,1.22,1.81,1.23,2.00,1.90,1.81,1.52,2.28,2.08,2.04,2.09,2.13,2.18,2.23,2.27,2.32,2.37,2.41,2.46,2.51
HTI,0.86,0.76,0.95,1.24,0.89,1.04,0.94,1.15,0.62,0.81,1.21,0.49,0.76,1.13,1.31,1.38,1.16,1.06,1.28,1.51,1.29,1.31,1.33,1.35,1.37,1.39,1.41,1.43,1.45,1.48,1.50
HUN,1.73,1.39,1.42,0.71,0.54,0.24,0.70,2.14,1.50,1.61,0.81,0.89,1.73,1.16,2.23,2.07,1.89,1.34,2.52,2.35,1.99,3.34,2.74,2.93,2.21,2.33,2.55,2.56,3.91,3.30,3.49
IDN,0.28,0.53,0.61,0.59,0.54,0.71,0.42,0.46,0.22,0.56,0.77,0.31,0.46,0.80,0.81,0.84,1.49,1.06,0.97,1.12,1.03,1.06,1.10,1.14,1.18,1.22,1.25,1.29,1.33,1.37,1.41
IND,0.35,0.47,0.83,0.67,0.55,0.57,0.64,0.61,0.26,1.13,1.13,0.37,0.52,0.45,0.53,0.71,1.09,0.97,0.87,0.80,0.85,0.81,0.46,1.24,1.17,0.71,0.81,0.95,0.90,0.56,1.34
IRL,0.58,0.55,0.83,1.02,0.90,1.18,1.16,1.35,0.84,0.80,-0.10,0.56,0.71,0.57,1.36,0.45,1.04,1.26,0.78,1.20,0.94,0.95,0.96,0.97,0.98,0.99,1.00,1.01,1.01,1.02,1.03
IRN,1.22,1.53,1.72,0.94,1.53,0.83,1.85,0.87,1.14,1.18,2.21,1.35,1.09,1.64,1.08,1.86,1.67,1.74,2.04,1.60,1.71,1.74,1.76,1.79,1.81,1.84,1.86,1.89,1.91,1.94,1.96
IRQ,1.00,1.29,1.17,0.96,1.08,0.53,1.62,0.94,1.16,0.88,2.71,0.91,1.29,1.26,1.18,1.94,1.67,1.57,2.41,1.63,1.91,1.95,2.00,2.04,2.09,2.13,2.18,2.22,2.27,2.31,2.36
ISL,0.27,0.58,0.78,1.78,1.24,0.45,1.03,1.10,0.75,0.91,1.15,0.96,0.67,0.69,1.66,0.42,1.41,1.69,0.82,1.34,0.99,1.35,1.35,1.06,1.42,1.42,1.13,1.50,1.49,1.21,1.57
ISR,0.25,0.86,0.73,0.56,0.56,0.20,0.59,0.52,0.72,0.82,2.32,0.58,1.04,1.11,0.87,1.33,1.61,0.74,2.00,1.21,1.50,1.56,1.61,1.67,1.73,1.78,1.84,1.90,1.95,2.01,2.06
ITA,1.24,1.53,0.91,1.53,0.75,0.56,0.84,1.55,1.13,1.23,0.76,1.25,1.54,1.01,1.64,1.70,1.72,1.61,1.83,1.70,1.71,1.75,1.78,1.81,1.85,1.88,1.92,1.95,1.99,2.02,2.05
JAM,0.41,0.66,0.94,1.12,0.95,1.04,1.03,0.94,0.55,0.82,1.18,0.58,0.72,0.99,1.21,1.40,1.40,1.08,1.25,1.52,1.38,1.41,1.44,1.48,1.51,1.54,1.58,1.61,1.64,1.68,1.71
JOR,0.38,0.98,0.67,0.50,0.62,0.10,0.75,0.52,0.73,0.55,2.63,0.51,1.07,1.00,0.79,1.43,1.64,0.92,1.97,1.28,1.49,1.55,1.61,1.66,1.72,1.78,1.83,1.89,1.94,2.00,2.06
JPN,0.64,0.42,0.63,0.33,1.12,0.74,0.39,1.00,0.67,0.80,0.92,0.60,0.40,0.63,0.56,0.83,1.32,0.80,0.93,1.27,1.03,0.84,1.24,1.09,0.90,1.30,1.15,0.96,1.36,1.21,1.02
KAZ,1.50,1.66,2.26,0.13,2.15,1.55,1.44,2.20,1.55,1.20,1.31,0.75,1.15,1.62,0.67,1.61,2.24,1.76,0.64,1.49,1.48,0.69,1.61,1.42,0.63,1.54,1.35,0.57,1.48,1.29,0.50
KEN,0.52,0.60,0.73,0.88,0.65,0.76,0.89,0.63,0.82,1.29,1.11,1.14,1.03,0.93,1.02,1.16,1.24,1.50,0.68,1.62,1.34,1.38,1.42,1.46,1.49,1.53,1.57,1.61,1.65,1.68,1.72
KGZ,1.13,1.50,1.48,0.49,1.57,1.21,1.68,1.74,1.04,1.03,1.40,1.27,0.35,1.43,0.54,1.55,1.90,1.48,1.28,1.68,1.31,1.32,1.33,1.34,1.35,1.36,1.37,1.38,1.39,1.40,1.41
KHM,0.30,0.57,0.84,0.71,0.59,0.78,0.77,0.60,0.43,0.45,1.23,0.42,0.88,1.01,0.61,1.08,1.47,1.10,0.79,1.55,1.19,1.23,1.27,1.31,1.35,1.39,1.42,1.46,1.50,1.54,1.58
KIR,0.13,0.41,0.51,0.59,0.62,0.62,0.57,0.55,0.25,0.60,0.31,0.33,0.43,0.63,0.77,0.90,1.23,1.04,0.95,0.95,0.99,1.02,1.06,1.10,1.13,1.17,1.20,1.24,1.27,1.31,1.34
KOR,0.41,0.89,0.65,0.62,1.19,0.92,0.48,1.24,0.95,0.95,0.50,0.31,0.40,0.52,0.99,0.94,1.64,1.46,0.97,1.49,1.18,1.22,1.25,1.28,1.31,1.34,1.37,1.40,1.43,1.46,1.49
KWT,1.28,1.27,1.60,1.56,1.52,0.72,1.91,1.09,1.43,1.32,2.60,1.37,1.56,1.35,1.45,2.10,1.70,1.96,2.36,1.90,2.02,2.06,2.09,2.13,2.17,2.20,2.24,2.28,2.32,2.35,2.39
LAO,0.09,0.77,0.66,1.04,0.48,0.96,0.93,0.65,0.33,0.70,1.43,0.21,1.05,1.22,0.84,1.50,1.52,1.24,0.96,2.20,1.26,1.41,2.10,1.43,1.59,2.27,1.60,1.76,2.44,1.77,1.93
LBN,0.54,1.15,0.83,0.63,0.65,0.28,0.72,0.73,0.99,0.84,2.35,0.66,1.05,1.26,1.05,1.38,1.63,1.02,2.15,1.41,1.61,1.66,1.71,1.77,1.82,1.87,1.93,1.98,2.03,2.09,2.14
LBR,0.56,0.51,0.88,0.94,0.91,1.11,1.12,1.04,1.13,1.37,1.42,1.10,0.87,0.98,0.93,1.29,1.41,1.54,1.31,1.49,1.52,1.55,1.59,1.63,1.66,1.70,1.74,1.77,1.81,1.85,1.88
LBY,0.31,1.29,0.91,0.95,0.75,0.72,0.81,0.86,0.88,0.76,2.07,0.82,0.77,1.24,1.24,0.71,1.59,0.53,1.74,0.92,1.21,1.23,1.26,1.28,1.30,1.33,1.35,1.38,1.40,1.42,1.45
LCA,0.34,0.57,0.64,0.86,0.52,0.94,0.76,0.75,0.44,0.52,1.18,0.64,0.63,0.74,0.62,0.86,1.00,0.84,0.53,0.97,0.85,0.87,0.88,0.89,0.91,0.92,0.94,0.95,0.97,0.98,0.99
LKA,0.46,0.70,0.85,0.76,0.67,0.72,0.50,0.50,0.42,0.78,1.11,0.74,0.98,0.86,1.00,1.01,1.37,1.10,0.82,1.28,1.10,1.14,1.17,1.20,1.23,1.27,1.30,1.33,1.36,1.40,1.43
LSO,0.33,0.59,0.62,0.78,0.83,0.89,0.36,0.66,0.36,0.42,1.03,0.33,0.66,0.87,1.09,1.53,2.02,1.22,1.10,1.67,1.42,1.48,1.53,1.59,1.64,1.70,1.75,1.81,1.86,1.92,1.97
LTU,2.03,1.80,1.92,0.18,0.88,1.21,0.92,2.20,2.22,1.40,0.77,0.96,1.37,0.97,2.24,2.10,1.94,1.54,2.43,2.64,1.91,3.14,3.11,2.76,1.59,2.06,2.43,2.32,3.54,3.52,3.16
LUX,1.65,1.43,1.39,1.69,1.01,1.13,1.36,1.94,1.28,1.19,0.33,1.34,1.26,0.57,2.48,1.53,1.88,1.65,2.47,2.16,1.88,1.91,1.94,1.97,1.99,2.02,2.05,2.08,2.11,2.14,2.17
LVA,2.02,1.83,1.73,0.25,1.03,1.36,1.09,2.21,2.40,1.52,0.70,1.15,1.41,1.08,2.33,2.17,1.95,1.50,2.36,2.46,1.93,3.01,3.18,2.59,1.46,2.09,2.39,2.29,3.37,3.54,2.95
MAR,0.85,1.75,1.11,1.59,1.03,1.19,1.39,0.93,1.07,1.16,2.02,1.70,1.30,1.23,1.60,1.12,1.84,2.13,0.60,1.47,1.49,1.50,1.52,1.54,1.55,1.57,1.59,1.60,1.62,1.64,1.65
MDA,1.50,1.72,1.46,-0.18,0.72,0.85,0.25,2.37,1.53,1.77,1.37,0.49,2.09,1.36,1.45,2.02,2.09,1.41,2.10,2.41,2.07,2.13,2.18,2.23,2.28,2.34,2.39,2.44,2.49,2.55,2.60
MDG,0.45,0.64,0.58,0.68,0.51,0.60,0.84,0.74,0.56,0.90,1.19,1.13,0.88,0.75,0.78,1.13,1.15,1.38,0.98,1.44,1.26,1.30,1.34,1.38,1.42,1.46,1.50,1.54,1.58,1.63,1.67
MDV,0.26,0.46,0.62,0.52,0.39,0.78,0.32,0.36,0.17,0.53,0.68,0.56,0.57,0.66,0.77,0.98,1.56,1.13,0.84,1.13,1.09,1.13,1.18,1.22,1.26,1.30,1.34,1.38,1.43,1.47,1.51
MEX,0.63,0.55,0.73,0.89,0.37,0.81,0.93,0.50,0.56,1.05,0.31,1.03,0.95,0.80,0.91,1.14,1.35,1.63,1.24,1.38,1.36,1.40,1.44,1.48,1.52,1.56,1.61,1.65,1.69,1.73,1.77
MKD,1.07,1.59,0.36,0.62,0.36,0.15,0.37,1.52,1.13,1.01,1.35,0.74,1.45,1.42,1.29,1.48,1.64,1.06,2.08,1.82,1.79,1.84,1.90,1.95,2.00,2.06,2.11,2.17,2.22,2.28,2.33
MLI,0.65,0.58,1.25,1.24,1.21,1.40,1.10,0.93,0.55,0.96,1.63,1.21,0.43,0.97,0.79,1.02,1.09,1.35,1.04,1.09,1.07,1.08,1.09,1.10,1.10,1.11,1.12,1.13,1.14,1.14,1.15
MLT,1.06,1.67,0.94,1.40,0.70,0.67,1.00,1.40,1.27,1.08,1.24,1.01,1.44,1.34,1.51,1.40,1.75,1.22,1.44,1.29,1.45,1.47,1.49,1.51,1.53,1.55,1.57,1.59,1.61,1.63,1.65
MMR,0.22,0.63,0.68,0.65,0.60,0.93,0.86,0.51,0.50,0.92,1.20,0.51,0.92,0.99,0.90,1.25,1.44,1.33,1.06,1.73,1.42,1.47,1.52,1.58,1.63,1.68,1.73,1.78,1.83,1.88,1.93
MNE,1.43,1.43,1.43,1.43,1.43,1.43,0.48,1.70,1.27,1.23,1.19,0.99,1.65,1.44,1.50,1.70,1.47,1.28,2.23,1.82,1.68,1.70,1.72,1.75,1.77,1.79,1.81,1.83,1.85,1.87,1.89
MNG,0.98,1.68,1.79,0.49,1.76,0.92,1.22,2.73,1.76,1.40,0.31,0.76,0.23,1.02,1.88,2.13,1.39,2.49,2.21,1.85,1.66,1.69,1.73,1.76,1.80,1.83,1.87,1.90,1.94,1.97,2.01
MOZ,0.38,0.48,0.68,0.59,0.44,1.05,0.58,0.65,0.38,0.59,1.11,0.81,0.75,0.48,0.72,1.03,1.26,0.84,0.81,1.21,1.71,1.45,1.43,1.30,1.39,1.89,1.63,1.61,1.48,1.57,2.08
MRT,1.20,1.36,1.35,1.36,1.49,1.39,1.44,1.06,1.32,0.97,2.02,1.67,0.94,1.59,1.48,1.56,1.83,2.14,1.09,1.44,1.55,1.56,1.58,1.60,1.62,1.64,1.65,1.67,1.69,1.71,1.73
MUS,0.17,0.50,0.40,0.69,0.31,0.38,0.31,0.54,0.29,0.80,1.08,0.87,0.67,0.80,0.91,1.16,1.08,1.32,1.05,1.46,1.28,1.33,1.39,1.45,1.50,1.56,1.61,1.67,1.72,1.78,1.83
MWI,0.80,0.59,0.96,0.98,0.88,1.37,1.00,0.90,0.51,0.65,1.03,0.77,0.93,0.68,1.13,1.14,1.36,1.02,1.02,1.22,1.11,1.13,1.14,1.16,1.17,1.19,1.20,1.22,1.24,1.25,1.27
MYS,0.45,0.69,0.79,0.78,0.76,0.94,0.71,0.76,0.63,0.87,1.11,0.75,0.90,1.12,1.20,1.37,1.84,1.42,1.44,1.70,1.56,1.61,1.67,1.73,1.78,1.84,1.89,1.95,2.00,2.06,2.12
NAM,-0.04,0.41,0.92,1.29,0.86,0.82,-0.08,1.00,0.67,0.46,1.21,-0.48,-0.13,0.76,0.44,1.22,1.47,0.82,1.11,1.82,1.13,1.16,1.20,1.24,1.28,1.32,1.36,1.39,1.43,1.47,1.51
NER,0.68,0.17,0.54,0.78,0.55,1.17,1.18,0.87,0.28,1.31,1.56,0.96,0.59,0.81,0.99,0.83,0.93,0.84,1.07,0.94,1.07,1.09,1.11,1.13,1.15,1.17,1.19,1.21,1.23,1.25,1.27
NGA,0.53,0.23,0.78,0.78,0.70,1.18,1.20,0.82,0.59,1.30,1.43,0.85,0.53,0.92,1.01,1.19,1.17,1.17,1.09,1.23,1.24,1.27,1.30,1.33,1.37,1.40,1.43,1.46,1.49,1.52,1.55
NIC,0.14,0.50,0.79,0.74,0.58,0.84,0.71,0.84,0.57,0.82,0.87,0.70,0.68,1.20,0.80,1.02,1.32,1.03,0.90,1.16,1.14,1.18,1.21,1.25,1.28,1.32,1.35,1.38,1.42,1.45,1.49
NLD,1.60,1.27,1.53,1.21,1.16,1.25,1.51,2.07,1.43,1.22,0.10,1.07,1.15,0.43,2.56,1.29,1.94,1.73,2.14,2.14,1.79,1.81,1.84,1.86,1.89,1.91,1.94,1.96,1.99,2.01,2.04
NOR,1.43,0.61,1.39,1.09,1.30,1.76,1.50,1.70,1.62,1.39,-0.34,1.40,1.06,0.79,2.41,1.78,1.72,1.55,1.49,1.21,1.53,1.55,1.56,1.58,1.59,1.60,1.62,1.63,1.65,1.66,1.68
NPL,0.08,0.45,0.55,0.31,0.35,0.68,0.80,0.73,0.35,1.12,1.14,0.23,0.40,0.19,0.34,0.65,1.17,1.07,0.63,0.85,0.87,0.89,0.92,0.94,0.96,0.99,1.01,1.04,1.06,1.08,1.11
NZL,0.27,0.57,0.42,0.24,0.03,0.44,0.39,0.24,0.56,0.06,0.60,0.67,0.13,1.00,0.54,0.57,1.21,0.63,1.17,1.12,0.99,1.03,1.07,1.11,1.15,1.19,1.23,1.27,1.31,1.35,1.39
OMN,0.55,0.66,0.89,0.84,0.78,0.81,0.84,0.65,0.54,0.73,1.10,0.84,0.75,0.47,0.49,1.21,0.93,1.42,1.12,0.89,1.03,1.05,1.07,1.09,1.11,1.12,1.14,1.16,1.18,1.20,1.22
PAK,0.67,0.76,1.02,0.53,1.01,0.21,1.02,0.65,0.36,1.03,1.29,0.83,0.26,0.78,0.36,0.53,1.23,1.25,1.36,0.57,1.16,0.76,0.56,1.22,1.13,1.15,0.45,1.21,0.82,0.61,1.27
PAN,0.14,0.55,0.88,0.93,0.73,0.74,0.74,0.65,0.44,0.95,0.98,0.59,0.88,1.00,1.01,1.23,1.17,0.94,1.28,1.43,1.32,1.36,1.40,1.44,1.48,1.52,1.56,1.60,1.65,1.69,1.73
PER,0.33,0.49,0.75,0.77,0.68,0.81,0.81,0.56,0.60,0.87,1.06,0.79,0.81,0.65,0.88,1.26,1.45,0.98,0.73,1.05,1.03,1.06,1.09,1.12,1.14,1.17,1.20,1.23,1.26,1.29,1.32
PHL,0.67,0.83,0.73,0.80,0.69,0.78,0.83,0.88,0.57,0.72,1.07,0.62,0.91,1.06,0.96,1.16,1.60,1.30,1.33,1.41,1.36,1.40,1.44,1.47,1.51,1.55,1.59,1.62,1.66,1.70,1.73
PNG,0.38,0.50,0.67,0.52,0.23,0.66,0.25,0.44,0.34,0.32,1.01,0.39,0.30,0.80,0.39,0.16,1.13,0.79,0.66,0.70,0.69,0.53,0.90,0.73,0.58,0.94,0.77,0.62,0.99,0.82,0.66
POL,1.89,1.29,1.70,0.37,0.78,0.88,0.84,2.15,1.75,1.27,0.40,0.77,1.38,0.65,2.38,2.01,2.06,1.48,2.43,2.65,2.24,4.21,4.09,4.32,3.86,4.79,5.01,4.60,6.57,6.45,6.68
PRK,0.59,0.86,0.84,0.93,1.58,0.85,0.69,1.61,1.53,1.06,0.38,0.52,0.42,0.30,1.52,1.22,1.42,1.59,0.86,1.83,1.30,1.32,1.35,1.37,1.40,1.42,1.44,1.47,1.49,1.52,1.54
PRT,0.67,1.17,0.68,1.46,1.06,1.03,1.56,0.78,0.65,1.42,1.12,1.62,0.80,0.94,1.35,1.41,1.68,2.11,0.91,1.29,1.47,1.50,1.53,1.56,1.59,1.62,1.64,1.67,1.70,1.73,1.76
PRY,0.10,0.61,1.07,0.72,0.39,0.51,0.92,0.25,0.26,0.90,0.33,0.60,0.83,0.33,1.12,1.49,0.25,1.15,0.54,1.28,1.09,1.11,0.93,1.17,1.20,1.01,1.26,1.28,1.10,1.34,1.36
QAT,0.94,0.97,1.44,1.18,1.23,0.84,1.65,0.99,1.16,1.11,2.00,1.44,1.38,1.21,1.54,1.97,1.52,1.89,2.00,1.84,1.81,1.67,2.41,1.91,1.98,1.85,2.58,2.08,2.15,2.02,2.75
ROU,1.34,1.54,1.22,0.15,0.56,0.30,0.51,2.13,1.34,1.62,1.17,0.50,1.83,1.37,1.55,1.80,1.88,1.15,2.27,2.24,1.98,2.03,2.09,2.14,2.20,2.25,2.30,2.36,2.41,2.47,2.52
RUS,1.32,0.81,1.59,0.99,1.40,1.70,0.55,2.49,2.22,1.19,0.88,1.70,1.93,1.17,1.75,2.25,2.46,2.13,2.04,2.18,2.24,2.29,2.35,2.40,2.45,2.51,2.56,2.62,2.67,2.72,2.78
RWA,0.76,0.26,0.66,0.91,0.70,0.76,0.76,1.25,0.76,0.76,0.76,0.76,0.76,0.76,0.76,0.76,0.76,0.76,0.76,0.76,0.84,0.84,0.85,0.85,0.85,0.86,0.86,0.86,0.87,0.87,0.88
SAU,0.79,0.88,1.09,0.98,0.98,0.54,1.20,0.71,0.91,1.03,2.18,0.89,1.24,1.20,1.25,1.87,1.53,1.78,1.89,1.69,1.85,1.90,1.95,2.01,2.06,2.11,2.16,2.22,2.27,2.32,2.37
SDN,1.11,1.11,1.11,1.11,1.11,1.11,1.11,1.11,1.11,1.11,1.11,0.88,1.03,1.15,0.95,1.50,1.17,1.21,1.23,0.88,1.14,1.14,1.14,1.14,1.14,1.14,1.14,1.14,1.15,1.15,1.15
SEN,0.92,1.17,1.43,1.15,1.16,1.37,1.37,1.20,1.29,0.70,1.43,1.19,0.83,1.18,1.11,1.21,1.54,1.74,0.96,1.40,1.33,1.34,1.35,1.36,1.37,1.38,1.39,1.40,1.41,1.42,1.43
SGP,1.30,1.30,0.78,1.30,1.30,1.30,1.30,1.30,1.30,1.30,1.06,0.74,0.83,1.15,1.33,1.54,2.04,1.59,1.37,1.88,1.58,1.60,1.63,1.65,1.67,1.69,1.72,1.74,1.76,1.78,1.81
SLB,0.56,0.70,0.70,0.59,0.75,0.79,0.55,0.96,0.70,0.32,0.69,0.80,0.89,0.79,0.77,0.67,0.70,0.70,0.70,0.70,0.74,0.74,0.74,0.75,0.75,0.76,0.76,0.77,0.77,0.77,0.78
SLE,1.10,0.85,1.01,0.81,1.03,1.19,1.11,0.80,1.24,0.90,1.41,1.13,0.53,1.06,1.04,1.16,1.09,1.73,1.23,1.56,1.58,1.60,1.62,1.65,1.67,1.69,1.71,1.73,1.75,1.77,1.79
SLV,0.32,0.57,0.69,0.88,0.64,0.51,0.50,0.43,0.20,0.79,0.50,0.51,0.63,0.62,0.65,1.29,1.26,0.72,0.77,0.97,0.93,0.95,0.98,1.00,1.03,1.05,1.08,1.10,1.13,1.15,1.18
SOM,0.42,0.83,0.82,1.05,0.47,1.07,0.85,0.96,0.68,1.29,1.09,1.06,0.98,1.09,1.12,1.47,1.27,1.62,0.71,1.53,1.17,1.59,1.23,1.66,1.30,1.72,1.37,1.79,1.44,1.86,1.50
SRB,1.49,1.49,1.49,1.49,1.49,1.49,0.56,1.89,1.34,1.36,1.16,0.74,1.69,1.41,1.60,1.74,1.70,1.28,2.32,2.09,1.78,1.80,1.82,1.84,1.86,1.89,1.91,1.93,1.95,1.98,2.00
SSD,1.21,1.21,1.21,1.21,1.21,1.21,1.21,1.21,1.21,1.21,1.21,1.46,1.25,1.33,0.97,1.14,1.29,1.30,1.19,1.00,1.16,1.22,1.20,1.18,1.12,1.15,1.21,1.19,1.17,1.10,1.14
STP,0.41,0.32,0.78,1.01,0.84,0.68,0.70,0.92,0.64,0.89,1.05,0.74,0.80,0.85,0.95,0.87,1.56,1.29,1.01,1.39,1.30,1.34,1.38,1.41,1.45,1.49,1.52,1.56,1.60,1.64,1.67
SUR,0.66,0.78,1.01,1.07,1.10,1.43,1.00,0.98,1.08,1.41,1.51,1.07,0.99,1.12,1.14,1.31,1.79,1.44,1.25,1.53,1.52,1.55,1.58,1.61,1.64,1.67,1.70,1.73,1.77,1.80,1.83
SVK,1.62,1.24,1.38,0.65,0.54,0.40,0.63,2.15,1.52,1.50,0.69,0.84,1.57,0.95,2.38,2.12,1.96,1.28,2.55,2.42,1.88,3.35,2.75,2.88,2.13,2.32,2.57,2.48,3.94,3.34,3.47
SVN,1.78,1.71,1.50,1.43,0.73,0.48,0.86,2.17,1.57,1.63,0.77,1.35,1.93,1.23,2.43,2.13,2.05,1.72,2.41,2.34,2.25,2.30,2.35,2.39,2.44,2.49,2.54,2.59,2.64,2.68,2.73
SWE,1.72,1.07,1.57,0.91,1.20,1.83,1.49,1.94,1.95,1.43,-0.28,1.27,1.31,0.86,2.70,2.07,1.84,1.59,1.84,1.57,1.76,1.78,1.79,1.81,1.83,1.85,1.87,1.89,1.90,1.92,1.94
SWZ,-0.06,0.52,0.60,0.72,0.53,1.15,0.37,1.13,0.64,0.38,1.29,0.90,0.70,0.57,0.78,1.24,1.22,0.69,1.06,1.62,1.27,1.32,1.36,1.40,1.44,1.49,1.53,1.57,1.62,1.66,1.70
SYC,0.41,0.73,0.52,0.72,0.30,0.51,0.54,0.81,0.50,0.82,1.02,0.93,0.92,0.75,0.86,1.17,1.10,1.18,0.92,1.38,1.20,1.24,1.28,1.32,1.36,1.40,1.44,1.48,1.52,1.56,1.60
SYR,0.67,1.16,0.87,0.54,0.64,0.23,1.02,0.79,1.03,0.64,2.48,0.66,1.04,1.38,1.21,1.32,1.80,1.14,2.39,1.56,1.83,1.89,1.95,2.00,2.06,2.12,2.18,2.23,2.29,2.35,2.41
TCD,0.28,0.29,0.80,0.84,0.83,1.15,1.37,0.61,0.47,1.24,1.18,0.97,0.55,1.01,0.86,1.29,0.94,1.03,1.53,1.31,1.36,1.40,1.43,1.47,1.50,1.54,1.57,1.61,1.65,1.68,1.72
TGO,0.52,0.64,0.73,0.97,0.70,0.93,0.97,0.85,0.71,0.88,1.25,0.87,0.57,0.75,0.92,1.10,1.13,1.24,1.12,1.27,1.18,1.21,1.23,1.26,1.29,1.32,1.34,1.37,1.40,1.42,1.45
THA,0.14,0.73,0.73,0.87,0.63,0.97,0.77,0.64,0.50,0.61,1.41,0.36,1.02,1.23,0.85,1.39,1.66,1.20,0.95,1.86,1.46,1.51,1.56,1.62,1.67,1.72,1.77,1.82,1.88,1.93,1.98
TJK,0.94,1.41,1.21,0.50,1.30,0.76,1.57,1.20,0.91,0.81,1.34,1.44,-0.03,1.26,0.46,1.30,1.65,1.29,1.66,1.33,1.23,1.24,1.26,1.27,1.29,1.30,1.32,1.33,1.35,1.36,1.38
TKM,1.30,1.53,1.80,0.06,1.65,1.30,1.70,1.13,0.73,1.06,1.89,1.10,0.78,1.64,0.71,1.43,2.02,1.69,1.52,1.82,1.65,1.67,1.69,1.70,1.72,1.73,1.75,1.77,1.78,1.80,1.82
TLS,0.73,0.73,0.73,0.55,0.62,1.22,0.32,0.59,0.30,0.73,0.97,-0.08,0.10,0.68,0.58,0.74,1.88,1.15,0.96,1.17,1.01,1.03,1.05,1.08,1.10,1.12,1.14,1.16,1.18,1.20,1.23
TON,0.27,0.56,0.78,0.46,0.63,0.77,0.55,0.82,0.29,0.36,0.87,0.60,0.67,0.81,0.71,0.76,1.28,1.08,1.02,1.60,1.16,1.20,1.24,1.28,1.32,1.36,1.40,1.44,1.48,1.52,1.56
TTO,0.51,0.72,0.60,0.82,0.38,1.15,0.73,0.63,0.46,0.57,1.25,0.58,0.63,0.79,0.69,0.82,0.93,1.18,0.67,1.19,0.90,0.92,0.94,0.96,0.98,1.00,1.01,1.03,1.05,1.07,1.09
TUN,1.01,1.99,1.25,1.70,0.92,1.05,1.27,1.39,1.37,0.87,1.75,1.04,1.61,1.47,1.88,1.19,1.90,1.38,1.51,1.34,1.69,1.36,1.71,1.37,1.72,1.39,1.74,1.41,1.76,1.42,1.77
TZA,0.53,0.43,0.65,1.01,0.90,1.04,0.84,0.77,0.46,0.89,1.01,0.72,0.82,0.89,0.94,1.10,1.00,1.45,1.06,1.40,1.23,1.26,1.29,1.32,1.35,1.39,1.42,1.45,1.48,1.51,1.55
UGA,0.27,0.18,0.68,0.91,0.68,1.23,0.97,0.46,0.77,1.30,1.43,1.10,1.12,1.06,1.14,1.16,1.26,1.74,1.10,1.62,1.55,1.61,1.66,1.72,1.77,1.83,1.88,1.94,1.99,2.05,2.10
UKR,1.44,1.81,1.55,-0.25,0.93,1.02,0.27,2.38,1.62,1.61,1.65,0.58,1.96,1.52,1.72,2.08,2.11,1.42,2.24,2.37,2.14,2.19,2.25,2.30,2.36,2.41,2.46,2.52,2.57,2.63,2.68
URY,0.33,1.23,0.61,0.32,0.46,0.80,0.59,0.13,0.72,0.51,0.26,0.45,0.84,0.15,1.16,1.05,0.30,1.55,1.20,0.77,0.82,0.85,0.87,0.90,0.92,0.95,0.97,1.00,1.02,1.05,1.07
USA,1.00,0.79,0.95,0.99,0.86,1.15,1.03,1.14,0.21,0.40,0.70,0.54,1.45,0.61,0.50,1.53,2.22,1.43,1.28,1.03,1.29,1.31,1.33,1.36,1.38,1.40,1.43,1.45,1.48,1.50,1.52
UZB,1.44,1.61,1.88,0.19,1.97,1.42,1.62,1.43,0.75,1.11,1.83,1.09,0.72,1.56,0.21,1.44,2.31,1.79,1.04,1.94,1.52,1.52,1.53,1.53,1.53,1.54,1.54,1.54,1.55,1.55,1.55
VCT,0.46,0.69,0.63,0.91,0.44,1.00,0.74,0.68,0.51,0.50,1.20,0.68,0.58,0.77,0.64,0.84,0.95,0.91,0.54,1.17,0.88,0.90,0.91,0.93,0.94,0.96,0.97,0.99,1.00,1.02,1.03
VEN,0.30,0.63,0.86,0.91,0.68,0.93,0.67,0.76,0.52,0.82,1.23,0.60,0.51,0.94,0.87,1.09,1.10,0.73,0.84,1.24,1.09,1.11,1.13,1.15,1.17,1.20,1.22,1.24,1.26,1.28,1.30
VNM,0.13,0.69,0.72,1.04,0.39,0.84,0.89,0.51,0.20,0.67,1.09,0.12,0.74,0.90,0.54,1.22,1.19,1.12,0.82,1.81,1.20,1.24,1.28,1.32,1.36,1.40,1.44,1.48,1.52,1.55,1.59
VUT,0.78,0.40,0.45,0.36,0.46,0.54,0.39,0.92,0.71,0.44,0.88,0.67,0.40,0.71,0.59,0.57,1.15,1.13,0.61,0.90,0.89,0.91,0.93,0.95,0.97,0.99,1.01,1.03,1.06,1.08,1.10
WLD,0.73,0.83,1.02,0.89,0.91,1.10,1.00,1.20,0.94,0.96,1.22,0.92,1.07,1.02,1.05,1.41,1.66,1.43,1.29,1.44,1.44,1.48,1.51,1.54,1.57,1.61,1.64,1.67,1.70,1.74,1.77
WSM,0.54,0.82,1.06,0.63,0.11,0.74,0.33,0.94,0.58,0.89,1.25,0.72,0.83,1.17,1.07,0.91,1.44,1.34,1.09,1.44,1.35,1.39,1.43,1.47,1.51,1.55,1.59,1.63,1.67,1.71,1.75
ZAF,0.27,0.52,0.45,0.79,0.87,1.03,0.36,0.72,0.58,0.66,1.08,0.45,0.51,0.66,0.84,1.30,1.56,1.10,1.02,1.81,1.32,1.37,1.42,1.46,1.51,1.56,1.61,1.65,1.70,1.75,1.80
ZMB,-0.04,0.26,0.71,0.87,0.61,0.95,0.62,0.78,0.44,0.31,1.21,0.96,0.97,0.79,0.92,1.45,1.40,0.11,0.65,0.86,0.82,0.84,0.87,0.90,0.92,0.95,0.98,1.01,1.03,1.06,1.09
ZWE,-0.42,0.00,0.49,0.36,0.00,0.95,-0.26,0.13,0.08,-0.23,0.94,0.23,0.33,0.12,0.03,0.97,1.27,0.09,0.45,0.93,0.73,0.76,0.80,0.84,0.88,0.91,0.95,0.99,1.02,1.06,1.10
